<?xml version="1.0" encoding="UTF-8"?>
<node>
<version>6</version>
<dict>
  <key>title</key><string>Understanding Notes</string>
  <key>nodeid</key><string>08c59e60-6ce4-48c3-b9a1-fa9117e7603f</string>
  <key>modified_time</key><integer>1489664738</integer>
  <key>expanded2</key><true/>
  <key>version</key><integer>6</integer>
  <key>content_type</key><string>text/xhtml+xml</string>
  <key>created_time</key><integer>1489664397</integer>
  <key>order</key><integer>0</integer>
</dict>
</node>
