<?xml version="1.0" encoding="UTF-8"?>
<node>
<version>6</version>
<dict>
  <key>title</key><string>Thesis (unp): BSc final_report_mobile_app_security</string>
  <key>nodeid</key><string>bb16a29d-73cb-4d35-8c56-d2de59fee0fb</string>
  <key>modified_time</key><integer>1491462935</integer>
  <key>version</key><integer>6</integer>
  <key>content_type</key><string>text/xhtml+xml</string>
  <key>created_time</key><integer>1491462935</integer>
  <key>order</key><integer>0</integer>
</dict>
</node>
