<?xml version="1.0" encoding="UTF-8"?>
<node>
<version>6</version>
<dict>
  <key>title</key><string>Literature</string>
  <key>nodeid</key><string>ee0f9ce3-9c11-4123-90b6-58532c22f972</string>
  <key>modified_time</key><integer>1491462134</integer>
  <key>expanded2</key><true/>
  <key>version</key><integer>6</integer>
  <key>content_type</key><string>text/xhtml+xml</string>
  <key>created_time</key><integer>1489674855</integer>
  <key>order</key><integer>1</integer>
</dict>
</node>
