<?xml version="1.0" encoding="UTF-8"?>
<node>
<version>6</version>
<dict>
  <key>title</key><string>Papers/Projects</string>
  <key>nodeid</key><string>2a665fc9-2d2e-47df-9c2a-69fc3fc505cd</string>
  <key>modified_time</key><integer>1491462896</integer>
  <key>expanded2</key><true/>
  <key>version</key><integer>6</integer>
  <key>content_type</key><string>text/xhtml+xml</string>
  <key>created_time</key><integer>1491462883</integer>
  <key>order</key><integer>3</integer>
</dict>
</node>
