<?xml version="1.0" encoding="UTF-8"?>
<node>
<version>6</version>
<dict>
  <key>title</key><string>BSc Project</string>
  <key>nodeid</key><string>7a7422e4-29c0-425e-ba96-c4f7419f08b3</string>
  <key>modified_time</key><integer>1491462724</integer>
  <key>expanded2</key><true/>
  <key>version</key><integer>6</integer>
  <key>content_type</key><string>text/xhtml+xml</string>
  <key>created_time</key><integer>1489664369</integer>
  <key>order</key><integer>0</integer>
</dict>
</node>
